CO-25,IbXxiLTsisNLQR5jYGcI0apl3ffCzD,ewrqSpb8d8o:APA91bHHAF8-_crslInIqx9BJJcnzwPcKtzD4Wm2llENzizBVyoMVbzP4qTKeCobQolVassZhJY-EApSSdxub4oRuTeeRqLT9TzJNC6fvVBaI61L_GY-sPpLInzr8R427toRvNuu10ty
CO-25,IbXxiLTsisNLQR5jYGcI0apl3ffCzD,cByNZ7smwVw:APA91bGUTqIMv4Sz9XtJoMRGaXMkhdAW6lKKVyQn3LQj-mO2P6ZT9IKr8jK8WOSynNnOhbNFGuYzwuy3qHXa4xU-mKEv_GefMYYN4QAtScXyiFOrp_VQ6nAHY176F_KgxsQKOJZvnx9J
CO-25,IbXxiLTsisNLQR5jYGcI0apl3ffCzD,f-OvYlt2OAc:APA91bG6IejK1_QUXemSScGswUTW6hTU6ToRm11cWM5qHgkA3BYl7qJuq6G0aSjFdXzcb09ttjbfge2goo9AmoLP1dVBWIgLunV1GgZJMcWD-R-3wr520_ljtGHYsC6DRdv2ynAp-SX-
CO-25,IbXxiLTsisNLQR5jYGcI0apl3ffCzD,cbM3uADZG44:APA91bFse-0_pssdWYGXxo_1_A_bXe4Oqdb6rBYHGUjMcV_TsTmWEy8DPQ0eBfaHaOCrSD0B3jScDx7Cu7nsCkqBGXg03g7YudqEwRE14l-Hzr_w6KGR7RDqV3uIP7UvKyURFD0657SB
CO-25,IbXxiLTsisNLQR5jYGcI0apl3ffCzD,fz_NNJt5uew:APA91bEPmgcp6Mm9kgaWECQTJTELMe-h3GpOZhy_o-tdxyjhQUrwGK3FzLHWws7kIP308hIAZaDG9IYIifIblyy9d9OthustwB4vqfVmwwRLaVUgESyJ40RC7u98iGcx4cZ_SyObZkUK
CO-25,IbXxiLTsisNLQR5jYGcI0apl3ffCzD,3092509db874b30536386dbee90f6b8165e4d14aa4ded4368e853c5bb28945da
CO-25,IbXxiLTsisNLQR5jYGcI0apl3ffCzD,a6ca288fbffa79d8872a30e65f52734751bc325444ecaf4091a82c2337e62283
CO-25,IbXxiLTsisNLQR5jYGcI0apl3ffCzD,614d29b290b3586584fd739c02cdb72ad3defb75ce39edc24aa799c681e8deb6
CO-25,IbXxiLTsisNLQR5jYGcI0apl3ffCzD,af7a6419bd68b850cc4b4a0a39ce0504db25f55f5a202dbacac27a9497570cdd
CO-25,IbXxiLTsisNLQR5jYGcI0apl3ffCzD,dZx-_-lIVks:APA91bHOmM6yb7Kp2CKzjIF5RJoXq4EgrsXZVa02v4jw8ZZkxj9utkwydh87RIFXbmcG-B5cz3Fh1vPcZq81hOZn0jIK8VLTSzg6KY9sZZJaxFr5ifOiMGfogDvyyMgBrPj3bNIVRt_0
